﻿<?xml version="1.0" encoding="utf-8"?>
<helpItems xmlns="http://msh" schema="maml">

<command:command xmlns:maml="http://schemas.microsoft.com/maml/2004/10" xmlns:command="http://schemas.microsoft.com/maml/dev/command/2004/10" xmlns:dev="http://schemas.microsoft.com/maml/dev/2004/10" xmlns:MSHelp="http://msdn.microsoft.com/mshelp">
<command:details><command:name>Add-OMPAutoLoadModule</command:name>
<command:verb>Add</command:verb>
<command:noun>OMPAutoLoadModule</command:noun>
<maml:description><maml:para>Adds a module to be autoloaded when OMP starts up.
</maml:para>
</maml:description>
</command:details>
<maml:description><maml:para>Adds a module to be autoloaded when OMP starts up.
</maml:para>
</maml:description>
<command:syntax><command:syntaxItem><maml:name>Add-OMPAutoLoadModule</maml:name>
<command:parameter required="true" variableLength="true" globbing="false" pipelineInput="False" position="1" aliases="none"><maml:name>Name</maml:name>
<maml:Description><maml:para>Name of the module
</maml:para>
</maml:Description>
<command:parameterValue required="true" variableLength="false">String</command:parameterValue>
<dev:type><maml:name>String</maml:name>
<maml:uri /></dev:type>
<dev:defaultValue>None</dev:defaultValue>
</command:parameter>
<command:parameter required="false" variableLength="true" globbing="false" pipelineInput="False" position="2" aliases="none"><maml:name>NoProfileUpdate</maml:name>
<maml:Description><maml:para>Skip updating the profile
</maml:para>
</maml:Description>
<dev:type><maml:name>SwitchParameter</maml:name>
<maml:uri /></dev:type>
<dev:defaultValue>False</dev:defaultValue>
</command:parameter>
</command:syntaxItem>
</command:syntax>
<command:parameters><command:parameter required="true" variableLength="true" globbing="false" pipelineInput="False" position="1" aliases="none"><maml:name>Name</maml:name>
<maml:Description><maml:para>Name of the module
</maml:para>
</maml:Description>
<command:parameterValue required="true" variableLength="false">String</command:parameterValue>
<dev:type><maml:name>String</maml:name>
<maml:uri /></dev:type>
<dev:defaultValue>None</dev:defaultValue>
</command:parameter>
<command:parameter required="false" variableLength="true" globbing="false" pipelineInput="False" position="2" aliases="none"><maml:name>NoProfileUpdate</maml:name>
<maml:Description><maml:para>Skip updating the profile
</maml:para>
</maml:Description>
<command:parameterValue required="false" variableLength="false">SwitchParameter</command:parameterValue>
<dev:type><maml:name>SwitchParameter</maml:name>
<maml:uri /></dev:type>
<dev:defaultValue>False</dev:defaultValue>
</command:parameter>
</command:parameters>
<command:inputTypes></command:inputTypes>
<command:returnValues></command:returnValues>
<maml:alertSet><maml:alert><maml:para>Author: Zachary Loeber
</maml:para>
<maml:para>
</maml:para>
<maml:para>
</maml:para>
<maml:para>Version History 1.0.0 - Initial release
</maml:para>
</maml:alert>
</maml:alertSet>
<command:examples><command:example><maml:title>-------------------------- EXAMPLE 1 --------------------------</maml:title>
<dev:code>Add-OMPAutoLoadModule -Name 'posh-git'</dev:code>
<dev:remarks><maml:para>Adds posh-git to the list of modules that will be loaded with OhMyPsh for this user.
</maml:para>
</dev:remarks>
</command:example>
</command:examples>
<command:relatedLinks></command:relatedLinks>
</command:command>
<command:command xmlns:maml="http://schemas.microsoft.com/maml/2004/10" xmlns:command="http://schemas.microsoft.com/maml/dev/command/2004/10" xmlns:dev="http://schemas.microsoft.com/maml/dev/2004/10" xmlns:MSHelp="http://msdn.microsoft.com/mshelp">
<command:details><command:name>Add-OMPPersonalFunction</command:name>
<command:verb>Add</command:verb>
<command:noun>OMPPersonalFunction</command:noun>
<maml:description><maml:para>Adds a function to be autoloaded into your session when OMP starts up.
</maml:para>
</maml:description>
</command:details>
<maml:description><maml:para>Adds a function to be autoloaded into your session when OMP starts up.
</maml:para>
</maml:description>
<command:syntax><command:syntaxItem><maml:name>Add-OMPPersonalFunction</maml:name>
<command:parameter required="true" variableLength="true" globbing="false" pipelineInput="False" position="1" aliases="none"><maml:name>Path</maml:name>
<maml:Description><maml:para>Name of the script.
</maml:para>
</maml:Description>
<command:parameterValue required="true" variableLength="false">String</command:parameterValue>
<dev:type><maml:name>String</maml:name>
<maml:uri /></dev:type>
<dev:defaultValue>None</dev:defaultValue>
</command:parameter>
<command:parameter required="false" variableLength="true" globbing="false" pipelineInput="False" position="2" aliases="none"><maml:name>Recurse</maml:name>
<maml:Description><maml:para>Add every script in the directory.
</maml:para>
</maml:Description>
<dev:type><maml:name>SwitchParameter</maml:name>
<maml:uri /></dev:type>
<dev:defaultValue>False</dev:defaultValue>
</command:parameter>
<command:parameter required="false" variableLength="true" globbing="false" pipelineInput="False" position="3" aliases="none"><maml:name>NoProfileUpdate</maml:name>
<maml:Description><maml:para>Skip updating the profile.
</maml:para>
</maml:Description>
<dev:type><maml:name>SwitchParameter</maml:name>
<maml:uri /></dev:type>
<dev:defaultValue>False</dev:defaultValue>
</command:parameter>
</command:syntaxItem>
</command:syntax>
<command:parameters><command:parameter required="true" variableLength="true" globbing="false" pipelineInput="False" position="1" aliases="none"><maml:name>Path</maml:name>
<maml:Description><maml:para>Name of the script.
</maml:para>
</maml:Description>
<command:parameterValue required="true" variableLength="false">String</command:parameterValue>
<dev:type><maml:name>String</maml:name>
<maml:uri /></dev:type>
<dev:defaultValue>None</dev:defaultValue>
</command:parameter>
<command:parameter required="false" variableLength="true" globbing="false" pipelineInput="False" position="2" aliases="none"><maml:name>Recurse</maml:name>
<maml:Description><maml:para>Add every script in the directory.
</maml:para>
</maml:Description>
<command:parameterValue required="false" variableLength="false">SwitchParameter</command:parameterValue>
<dev:type><maml:name>SwitchParameter</maml:name>
<maml:uri /></dev:type>
<dev:defaultValue>False</dev:defaultValue>
</command:parameter>
<command:parameter required="false" variableLength="true" globbing="false" pipelineInput="False" position="3" aliases="none"><maml:name>NoProfileUpdate</maml:name>
<maml:Description><maml:para>Skip updating the profile.
</maml:para>
</maml:Description>
<command:parameterValue required="false" variableLength="false">SwitchParameter</command:parameterValue>
<dev:type><maml:name>SwitchParameter</maml:name>
<maml:uri /></dev:type>
<dev:defaultValue>False</dev:defaultValue>
</command:parameter>
</command:parameters>
<command:inputTypes></command:inputTypes>
<command:returnValues></command:returnValues>
<maml:alertSet><maml:alert><maml:para>Author: Zachary Loeber
</maml:para>
<maml:para>
</maml:para>
<maml:para>
</maml:para>
<maml:para>Version History 1.0.0 - Initial release
</maml:para>
</maml:alert>
</maml:alertSet>
<command:examples><command:example><maml:title>-------------------------- EXAMPLE 1 --------------------------</maml:title>
<dev:code>Add-OMPPersonalFunction -Path 'C:\users\jdoe\scripts\myscript.ps1'</dev:code>
<dev:remarks><maml:para>Adds 'C:\users\jdoe\scripts\myscript.ps1' to the list of functions that will be loaded with OhMyPsh for this user.
</maml:para>
</dev:remarks>
</command:example>
</command:examples>
<command:relatedLinks></command:relatedLinks>
</command:command>
<command:command xmlns:maml="http://schemas.microsoft.com/maml/2004/10" xmlns:command="http://schemas.microsoft.com/maml/dev/command/2004/10" xmlns:dev="http://schemas.microsoft.com/maml/dev/2004/10" xmlns:MSHelp="http://msdn.microsoft.com/mshelp">
<command:details><command:name>Add-OMPPlugin</command:name>
<command:verb>Add</command:verb>
<command:noun>OMPPlugin</command:noun>
<maml:description><maml:para>Dot sources a plugin
</maml:para>
</maml:description>
</command:details>
<maml:description><maml:para>Dot sources a plugin
</maml:para>
</maml:description>
<command:syntax><command:syntaxItem><maml:name>Add-OMPPlugin</maml:name>
<command:parameter required="true" variableLength="true" globbing="false" pipelineInput="True (ByValue)" position="1" aliases="none"><maml:name>Name</maml:name>
<maml:Description><maml:para>Name of the plugin
</maml:para>
</maml:Description>
<command:parameterValue required="true" variableLength="false">String</command:parameterValue>
<dev:type><maml:name>String</maml:name>
<maml:uri /></dev:type>
<dev:defaultValue>None</dev:defaultValue>
</command:parameter>
<command:parameter required="false" variableLength="true" globbing="false" pipelineInput="False" position="2" aliases="none"><maml:name>Force</maml:name>
<maml:Description><maml:para>If the plugin is already loaded use this to force load it again.
</maml:para>
</maml:Description>
<dev:type><maml:name>SwitchParameter</maml:name>
<maml:uri /></dev:type>
<dev:defaultValue>False</dev:defaultValue>
</command:parameter>
<command:parameter required="false" variableLength="true" globbing="false" pipelineInput="False" position="3" aliases="none"><maml:name>NoProfileUpdate</maml:name>
<maml:Description><maml:para>Skip updating the profile
</maml:para>
</maml:Description>
<dev:type><maml:name>SwitchParameter</maml:name>
<maml:uri /></dev:type>
<dev:defaultValue>False</dev:defaultValue>
</command:parameter>
<command:parameter required="false" variableLength="true" globbing="false" pipelineInput="False" position="4" aliases="none"><maml:name>UpdateConfig</maml:name>
<maml:Description><maml:para>Force an update of the plugin configuration. If a config scriptblock is passed then that will be used as the update. Otherwise if a config scriptblock is found in the plugin that will be used instead.
</maml:para>
</maml:Description>
<dev:type><maml:name>SwitchParameter</maml:name>
<maml:uri /></dev:type>
<dev:defaultValue>False</dev:defaultValue>
</command:parameter>
</command:syntaxItem>
</command:syntax>
<command:parameters><command:parameter required="true" variableLength="true" globbing="false" pipelineInput="True (ByValue)" position="1" aliases="none"><maml:name>Name</maml:name>
<maml:Description><maml:para>Name of the plugin
</maml:para>
</maml:Description>
<command:parameterValue required="true" variableLength="false">String</command:parameterValue>
<dev:type><maml:name>String</maml:name>
<maml:uri /></dev:type>
<dev:defaultValue>None</dev:defaultValue>
</command:parameter>
<command:parameter required="false" variableLength="true" globbing="false" pipelineInput="False" position="2" aliases="none"><maml:name>Force</maml:name>
<maml:Description><maml:para>If the plugin is already loaded use this to force load it again.
</maml:para>
</maml:Description>
<command:parameterValue required="false" variableLength="false">SwitchParameter</command:parameterValue>
<dev:type><maml:name>SwitchParameter</maml:name>
<maml:uri /></dev:type>
<dev:defaultValue>False</dev:defaultValue>
</command:parameter>
<command:parameter required="false" variableLength="true" globbing="false" pipelineInput="False" position="3" aliases="none"><maml:name>NoProfileUpdate</maml:name>
<maml:Description><maml:para>Skip updating the profile
</maml:para>
</maml:Description>
<command:parameterValue required="false" variableLength="false">SwitchParameter</command:parameterValue>
<dev:type><maml:name>SwitchParameter</maml:name>
<maml:uri /></dev:type>
<dev:defaultValue>False</dev:defaultValue>
</command:parameter>
<command:parameter required="false" variableLength="true" globbing="false" pipelineInput="False" position="4" aliases="none"><maml:name>UpdateConfig</maml:name>
<maml:Description><maml:para>Force an update of the plugin configuration. If a config scriptblock is passed then that will be used as the update. Otherwise if a config scriptblock is found in the plugin that will be used instead.
</maml:para>
</maml:Description>
<command:parameterValue required="false" variableLength="false">SwitchParameter</command:parameterValue>
<dev:type><maml:name>SwitchParameter</maml:name>
<maml:uri /></dev:type>
<dev:defaultValue>False</dev:defaultValue>
</command:parameter>
</command:parameters>
<command:inputTypes></command:inputTypes>
<command:returnValues></command:returnValues>
<maml:alertSet><maml:alert><maml:para>Author: Zachary Loeber
</maml:para>
</maml:alert>
</maml:alertSet>
<command:examples><command:example><maml:title>-------------------------- EXAMPLE 1 --------------------------</maml:title>
<dev:code>Add-OMPPlugin -Name 'o365'</dev:code>
<dev:remarks><maml:para>
</maml:para>
</dev:remarks>
</command:example>
</command:examples>
<command:relatedLinks></command:relatedLinks>
</command:command>
<command:command xmlns:maml="http://schemas.microsoft.com/maml/2004/10" xmlns:command="http://schemas.microsoft.com/maml/dev/command/2004/10" xmlns:dev="http://schemas.microsoft.com/maml/dev/2004/10" xmlns:MSHelp="http://msdn.microsoft.com/mshelp">
<command:details><command:name>Add-OMPProfileSetting</command:name>
<command:verb>Add</command:verb>
<command:noun>OMPProfileSetting</command:noun>
<maml:description><maml:para>Adds a new setting to the user profile settings if they do not already exist. Afterwards the profile is automatically exported and saved.
</maml:para>
</maml:description>
</command:details>
<maml:description><maml:para>Adds a new setting to the user profile settings if they do not already exist. Afterwards the profile is automatically exported and saved.
</maml:para>
</maml:description>
<command:syntax><command:syntaxItem><maml:name>Add-OMPProfileSetting</maml:name>
<command:parameter required="true" variableLength="true" globbing="false" pipelineInput="False" position="1" aliases="none"><maml:name>Name</maml:name>
<maml:Description><maml:para>Name of the setting
</maml:para>
</maml:Description>
<command:parameterValue required="true" variableLength="false">String</command:parameterValue>
<dev:type><maml:name>String</maml:name>
<maml:uri /></dev:type>
<dev:defaultValue>None</dev:defaultValue>
</command:parameter>
<command:parameter required="false" variableLength="true" globbing="false" pipelineInput="False" position="2" aliases="none"><maml:name>Value</maml:name>
<maml:Description><maml:para>Value of the setting.
</maml:para>
</maml:Description>
<command:parameterValue required="true" variableLength="false">Object</command:parameterValue>
<dev:type><maml:name>Object</maml:name>
<maml:uri /></dev:type>
<dev:defaultValue>None</dev:defaultValue>
</command:parameter>
<command:parameter required="false" variableLength="true" globbing="false" pipelineInput="False" position="3" aliases="none"><maml:name>NoProfileUpdate</maml:name>
<maml:Description><maml:para>Skip updating the profile
</maml:para>
</maml:Description>
<dev:type><maml:name>SwitchParameter</maml:name>
<maml:uri /></dev:type>
<dev:defaultValue>False</dev:defaultValue>
</command:parameter>
</command:syntaxItem>
</command:syntax>
<command:parameters><command:parameter required="true" variableLength="true" globbing="false" pipelineInput="False" position="1" aliases="none"><maml:name>Name</maml:name>
<maml:Description><maml:para>Name of the setting
</maml:para>
</maml:Description>
<command:parameterValue required="true" variableLength="false">String</command:parameterValue>
<dev:type><maml:name>String</maml:name>
<maml:uri /></dev:type>
<dev:defaultValue>None</dev:defaultValue>
</command:parameter>
<command:parameter required="false" variableLength="true" globbing="false" pipelineInput="False" position="2" aliases="none"><maml:name>Value</maml:name>
<maml:Description><maml:para>Value of the setting.
</maml:para>
</maml:Description>
<command:parameterValue required="true" variableLength="false">Object</command:parameterValue>
<dev:type><maml:name>Object</maml:name>
<maml:uri /></dev:type>
<dev:defaultValue>None</dev:defaultValue>
</command:parameter>
<command:parameter required="false" variableLength="true" globbing="false" pipelineInput="False" position="3" aliases="none"><maml:name>NoProfileUpdate</maml:name>
<maml:Description><maml:para>Skip updating the profile
</maml:para>
</maml:Description>
<command:parameterValue required="false" variableLength="false">SwitchParameter</command:parameterValue>
<dev:type><maml:name>SwitchParameter</maml:name>
<maml:uri /></dev:type>
<dev:defaultValue>False</dev:defaultValue>
</command:parameter>
</command:parameters>
<command:inputTypes></command:inputTypes>
<command:returnValues></command:returnValues>
<maml:alertSet><maml:alert><maml:para>Author: Zachary Loeber
</maml:para>
</maml:alert>
</maml:alertSet>
<command:examples><command:example><maml:title>-------------------------- EXAMPLE 1 --------------------------</maml:title>
<dev:code>Add-OMPProfileSetting -Name 'CustomSetting' -Value 'MySetting'</dev:code>
<dev:remarks><maml:para>
</maml:para>
</dev:remarks>
</command:example>
</command:examples>
<command:relatedLinks></command:relatedLinks>
</command:command>
<command:command xmlns:maml="http://schemas.microsoft.com/maml/2004/10" xmlns:command="http://schemas.microsoft.com/maml/dev/command/2004/10" xmlns:dev="http://schemas.microsoft.com/maml/dev/2004/10" xmlns:MSHelp="http://msdn.microsoft.com/mshelp">
<command:details><command:name>Export-OMPProfile</command:name>
<command:verb>Export</command:verb>
<command:noun>OMPProfile</command:noun>
<maml:description><maml:para>Saves a user profile.
</maml:para>
</maml:description>
</command:details>
<maml:description><maml:para>Saves a user profile.
</maml:para>
</maml:description>
<command:syntax><command:syntaxItem><maml:name>Export-OMPProfile</maml:name>
<command:parameter required="false" variableLength="true" globbing="false" pipelineInput="False" position="1" aliases="none"><maml:name>Path</maml:name>
<maml:Description><maml:para>Path to the user module profile settings.
</maml:para>
</maml:Description>
<command:parameterValue required="true" variableLength="false">String</command:parameterValue>
<dev:type><maml:name>String</maml:name>
<maml:uri /></dev:type>
<dev:defaultValue>$Script:OMPProfileExportFile</dev:defaultValue>
</command:parameter>
</command:syntaxItem>
</command:syntax>
<command:parameters><command:parameter required="false" variableLength="true" globbing="false" pipelineInput="False" position="1" aliases="none"><maml:name>Path</maml:name>
<maml:Description><maml:para>Path to the user module profile settings.
</maml:para>
</maml:Description>
<command:parameterValue required="true" variableLength="false">String</command:parameterValue>
<dev:type><maml:name>String</maml:name>
<maml:uri /></dev:type>
<dev:defaultValue>$Script:OMPProfileExportFile</dev:defaultValue>
</command:parameter>
</command:parameters>
<command:inputTypes></command:inputTypes>
<command:returnValues></command:returnValues>
<maml:alertSet><maml:alert><maml:para>Author: Zachary Loeber
</maml:para>
</maml:alert>
</maml:alertSet>
<command:examples><command:example><maml:title>-------------------------- EXAMPLE 1 --------------------------</maml:title>
<dev:code>Export-OMPProfile -Path C:\temp\.OhMyPsh.profile.json</dev:code>
<dev:remarks><maml:para>Saves the profile settings to C:\temp\.OhMyPsh.profile.json into the module settings
</maml:para>
</dev:remarks>
</command:example>
</command:examples>
<command:relatedLinks></command:relatedLinks>
</command:command>
<command:command xmlns:maml="http://schemas.microsoft.com/maml/2004/10" xmlns:command="http://schemas.microsoft.com/maml/dev/command/2004/10" xmlns:dev="http://schemas.microsoft.com/maml/dev/2004/10" xmlns:MSHelp="http://msdn.microsoft.com/mshelp">
<command:details><command:name>Get-OMPLoadedFunction</command:name>
<command:verb>Get</command:verb>
<command:noun>OMPLoadedFunction</command:noun>
<maml:description><maml:para>Shows OhMyPsh sourced functions that have been loaded to this session.
</maml:para>
</maml:description>
</command:details>
<maml:description><maml:para>Shows OhMyPsh sourced functions that have been loaded to this session.
</maml:para>
</maml:description>
<command:syntax><command:syntaxItem><maml:name>Get-OMPLoadedFunction</maml:name>
<command:parameter required="false" variableLength="true" globbing="false" pipelineInput="False" position="1" aliases="none"><maml:name>Name</maml:name>
<maml:Description><maml:para>The function name. If nothing is passed all sourced functions are listed.
</maml:para>
</maml:Description>
<command:parameterValue required="true" variableLength="false">String</command:parameterValue>
<dev:type><maml:name>String</maml:name>
<maml:uri /></dev:type>
<dev:defaultValue>*</dev:defaultValue>
</command:parameter>
</command:syntaxItem>
</command:syntax>
<command:parameters><command:parameter required="false" variableLength="true" globbing="false" pipelineInput="False" position="1" aliases="none"><maml:name>Name</maml:name>
<maml:Description><maml:para>The function name. If nothing is passed all sourced functions are listed.
</maml:para>
</maml:Description>
<command:parameterValue required="true" variableLength="false">String</command:parameterValue>
<dev:type><maml:name>String</maml:name>
<maml:uri /></dev:type>
<dev:defaultValue>*</dev:defaultValue>
</command:parameter>
</command:parameters>
<command:inputTypes></command:inputTypes>
<command:returnValues></command:returnValues>
<maml:alertSet><maml:alert><maml:para>
</maml:para>
</maml:alert>
</maml:alertSet>
<command:examples><command:example><maml:title>-------------------------- EXAMPLE 1 --------------------------</maml:title>
<dev:code>Get-OMPLoadedFunction</dev:code>
<dev:remarks><maml:para>Shows all OhMyPsh plugin functions that have been exported to this session.
</maml:para>
</dev:remarks>
</command:example>
</command:examples>
<command:relatedLinks><maml:navigationLink><maml:linkText>https://www.github.com/zloeber/OhMyPsh</maml:linkText>
<maml:uri>https://www.github.com/zloeber/OhMyPsh</maml:uri>
</maml:navigationLink>
</command:relatedLinks>
</command:command>
<command:command xmlns:maml="http://schemas.microsoft.com/maml/2004/10" xmlns:command="http://schemas.microsoft.com/maml/dev/command/2004/10" xmlns:dev="http://schemas.microsoft.com/maml/dev/2004/10" xmlns:MSHelp="http://msdn.microsoft.com/mshelp">
<command:details><command:name>Get-OMPPlugin</command:name>
<command:verb>Get</command:verb>
<command:noun>OMPPlugin</command:noun>
<maml:description><maml:para>Shows plugins and their load state.
</maml:para>
</maml:description>
</command:details>
<maml:description><maml:para>Shows plugins and their load state.
</maml:para>
</maml:description>
<command:syntax><command:syntaxItem><maml:name>Get-OMPPlugin</maml:name>
<command:parameter required="false" variableLength="true" globbing="false" pipelineInput="True (ByValue)" position="1" aliases="none"><maml:name>Name</maml:name>
<maml:Description><maml:para>The plugin name. If nothing is passed all plugins are listed.
</maml:para>
</maml:Description>
<command:parameterValue required="true" variableLength="false">String</command:parameterValue>
<dev:type><maml:name>String</maml:name>
<maml:uri /></dev:type>
<dev:defaultValue>None</dev:defaultValue>
</command:parameter>
</command:syntaxItem>
</command:syntax>
<command:parameters><command:parameter required="false" variableLength="true" globbing="false" pipelineInput="True (ByValue)" position="1" aliases="none"><maml:name>Name</maml:name>
<maml:Description><maml:para>The plugin name. If nothing is passed all plugins are listed.
</maml:para>
</maml:Description>
<command:parameterValue required="true" variableLength="false">String</command:parameterValue>
<dev:type><maml:name>String</maml:name>
<maml:uri /></dev:type>
<dev:defaultValue>None</dev:defaultValue>
</command:parameter>
</command:parameters>
<command:inputTypes></command:inputTypes>
<command:returnValues><command:returnValue><dev:type><maml:name>OMP.PluginStatus</maml:name>
</dev:type>
<maml:description><maml:para>
</maml:para>
</maml:description>
</command:returnValue>
</command:returnValues>
<maml:alertSet><maml:alert><maml:para>
</maml:para>
</maml:alert>
</maml:alertSet>
<command:examples><command:example><maml:title>-------------------------- EXAMPLE 1 --------------------------</maml:title>
<dev:code>Get-OMPPlugin</dev:code>
<dev:remarks><maml:para>Shows all OhMyPsh plugins and if they are loaded or not.
</maml:para>
</dev:remarks>
</command:example>
</command:examples>
<command:relatedLinks><maml:navigationLink><maml:linkText>https://www.github.com/zloeber/OhMyPsh</maml:linkText>
<maml:uri>https://www.github.com/zloeber/OhMyPsh</maml:uri>
</maml:navigationLink>
</command:relatedLinks>
</command:command>
<command:command xmlns:maml="http://schemas.microsoft.com/maml/2004/10" xmlns:command="http://schemas.microsoft.com/maml/dev/command/2004/10" xmlns:dev="http://schemas.microsoft.com/maml/dev/2004/10" xmlns:MSHelp="http://msdn.microsoft.com/mshelp">
<command:details><command:name>Get-OMPProfilePath</command:name>
<command:verb>Get</command:verb>
<command:noun>OMPProfilePath</command:noun>
<maml:description><maml:para>Retrieve the current OhMyPsh profile path.
</maml:para>
</maml:description>
</command:details>
<maml:description><maml:para>Retrieve the current OhMyPsh profile path.
</maml:para>
</maml:description>
<command:syntax><command:syntaxItem><maml:name>Get-OMPProfilePath</maml:name>
</command:syntaxItem>
</command:syntax>
<command:parameters></command:parameters>
<command:inputTypes></command:inputTypes>
<command:returnValues></command:returnValues>
<maml:alertSet><maml:alert><maml:para>Author: Zachary Loeber
</maml:para>
</maml:alert>
</maml:alertSet>
<command:examples><command:example><maml:title>-------------------------- EXAMPLE 1 --------------------------</maml:title>
<dev:code>Get-OMPProfilePath</dev:code>
<dev:remarks><maml:para>Shows the current profile path.
</maml:para>
</dev:remarks>
</command:example>
</command:examples>
<command:relatedLinks><maml:navigationLink><maml:linkText>Online Version:</maml:linkText>
<maml:uri>https://www.github.com/zloeber/OhMyPsh</maml:uri>
</maml:navigationLink>
</command:relatedLinks>
</command:command>
<command:command xmlns:maml="http://schemas.microsoft.com/maml/2004/10" xmlns:command="http://schemas.microsoft.com/maml/dev/command/2004/10" xmlns:dev="http://schemas.microsoft.com/maml/dev/2004/10" xmlns:MSHelp="http://msdn.microsoft.com/mshelp">
<command:details><command:name>Get-OMPProfileSetting</command:name>
<command:verb>Get</command:verb>
<command:noun>OMPProfileSetting</command:noun>
<maml:description><maml:para>Get one or all of the OMP settings.
</maml:para>
</maml:description>
</command:details>
<maml:description><maml:para>Get one or all of the OMP settings.
</maml:para>
</maml:description>
<command:syntax><command:syntaxItem><maml:name>Get-OMPProfileSetting</maml:name>
<command:parameter required="false" variableLength="true" globbing="false" pipelineInput="True (ByValue)" position="1" aliases="none"><maml:name>Name</maml:name>
<maml:Description><maml:para>Name of the setting
</maml:para>
</maml:Description>
<command:parameterValue required="true" variableLength="false">String</command:parameterValue>
<dev:type><maml:name>String</maml:name>
<maml:uri /></dev:type>
<dev:defaultValue>None</dev:defaultValue>
</command:parameter>
</command:syntaxItem>
</command:syntax>
<command:parameters><command:parameter required="false" variableLength="true" globbing="false" pipelineInput="True (ByValue)" position="1" aliases="none"><maml:name>Name</maml:name>
<maml:Description><maml:para>Name of the setting
</maml:para>
</maml:Description>
<command:parameterValue required="true" variableLength="false">String</command:parameterValue>
<dev:type><maml:name>String</maml:name>
<maml:uri /></dev:type>
<dev:defaultValue>None</dev:defaultValue>
</command:parameter>
</command:parameters>
<command:inputTypes></command:inputTypes>
<command:returnValues></command:returnValues>
<maml:alertSet><maml:alert><maml:para>Author: Zachary Loeber
</maml:para>
</maml:alert>
</maml:alertSet>
<command:examples><command:example><maml:title>-------------------------- EXAMPLE 1 --------------------------</maml:title>
<dev:code>Get-OMPSetting -Name 'SomeSetting'</dev:code>
<dev:remarks><maml:para>Shows the value of SomeSetting
</maml:para>
</dev:remarks>
</command:example>
</command:examples>
<command:relatedLinks><maml:navigationLink><maml:linkText>Online Version:</maml:linkText>
<maml:uri>https://www.github.com/zloeber/OhMyPsh</maml:uri>
</maml:navigationLink>
</command:relatedLinks>
</command:command>
<command:command xmlns:maml="http://schemas.microsoft.com/maml/2004/10" xmlns:command="http://schemas.microsoft.com/maml/dev/command/2004/10" xmlns:dev="http://schemas.microsoft.com/maml/dev/2004/10" xmlns:MSHelp="http://msdn.microsoft.com/mshelp">
<command:details><command:name>Get-OMPPromptColor</command:name>
<command:verb>Get</command:verb>
<command:noun>OMPPromptColor</command:noun>
<maml:description><maml:para>Display the Prompt color settings.
</maml:para>
</maml:description>
</command:details>
<maml:description><maml:para>Display the Prompt color settings.
</maml:para>
</maml:description>
<command:syntax><command:syntaxItem><maml:name>Get-OMPPromptColor</maml:name>
</command:syntaxItem>
</command:syntax>
<command:parameters></command:parameters>
<command:inputTypes></command:inputTypes>
<command:returnValues></command:returnValues>
<maml:alertSet><maml:alert><maml:para>Author: Zachary Loeber
</maml:para>
<maml:para>
</maml:para>
<maml:para>
</maml:para>
<maml:para>Version History 1.0.0 - Initial release
</maml:para>
</maml:alert>
</maml:alertSet>
<command:examples><command:example><maml:title>-------------------------- EXAMPLE 1 --------------------------</maml:title>
<dev:code>Get-OMPPromptColor</dev:code>
<dev:remarks><maml:para>Shows the Prompt color settings
</maml:para>
</dev:remarks>
</command:example>
</command:examples>
<command:relatedLinks><maml:navigationLink><maml:linkText>Online Version:</maml:linkText>
<maml:uri>https://www.github.com/zloeber/OhMyPsh</maml:uri>
</maml:navigationLink>
</command:relatedLinks>
</command:command>
<command:command xmlns:maml="http://schemas.microsoft.com/maml/2004/10" xmlns:command="http://schemas.microsoft.com/maml/dev/command/2004/10" xmlns:dev="http://schemas.microsoft.com/maml/dev/2004/10" xmlns:MSHelp="http://msdn.microsoft.com/mshelp">
<command:details><command:name>Get-OMPPSColor</command:name>
<command:verb>Get</command:verb>
<command:noun>OMPPSColor</command:noun>
<maml:description><maml:para>Display the PSColor settings.
</maml:para>
</maml:description>
</command:details>
<maml:description><maml:para>Display the PSColor settings.
</maml:para>
</maml:description>
<command:syntax><command:syntaxItem><maml:name>Get-OMPPSColor</maml:name>
</command:syntaxItem>
</command:syntax>
<command:parameters></command:parameters>
<command:inputTypes></command:inputTypes>
<command:returnValues></command:returnValues>
<maml:alertSet><maml:alert><maml:para>Author: Zachary Loeber
</maml:para>
<maml:para>
</maml:para>
<maml:para>
</maml:para>
<maml:para>Version History 1.0.0 - Initial release
</maml:para>
</maml:alert>
</maml:alertSet>
<command:examples><command:example><maml:title>-------------------------- EXAMPLE 1 --------------------------</maml:title>
<dev:code>Get-OMPPSColor</dev:code>
<dev:remarks><maml:para>Shows the PSColor settings
</maml:para>
</dev:remarks>
</command:example>
</command:examples>
<command:relatedLinks><maml:navigationLink><maml:linkText>Online Version:</maml:linkText>
<maml:uri>https://www.github.com/zloeber/OhMyPsh</maml:uri>
</maml:navigationLink>
</command:relatedLinks>
</command:command>
<command:command xmlns:maml="http://schemas.microsoft.com/maml/2004/10" xmlns:command="http://schemas.microsoft.com/maml/dev/command/2004/10" xmlns:dev="http://schemas.microsoft.com/maml/dev/2004/10" xmlns:MSHelp="http://msdn.microsoft.com/mshelp">
<command:details><command:name>Get-OMPTheme</command:name>
<command:verb>Get</command:verb>
<command:noun>OMPTheme</command:noun>
<maml:description><maml:para>Shows themes and their load state.
</maml:para>
</maml:description>
</command:details>
<maml:description><maml:para>Shows themes and their load state.
</maml:para>
</maml:description>
<command:syntax><command:syntaxItem><maml:name>Get-OMPTheme</maml:name>
<command:parameter required="false" variableLength="true" globbing="false" pipelineInput="True (ByValue)" position="1" aliases="none"><maml:name>Name</maml:name>
<maml:Description><maml:para>The theme name. If nothing is passed all themes are listed.
</maml:para>
</maml:Description>
<command:parameterValue required="true" variableLength="false">String</command:parameterValue>
<dev:type><maml:name>String</maml:name>
<maml:uri /></dev:type>
<dev:defaultValue>None</dev:defaultValue>
</command:parameter>
</command:syntaxItem>
</command:syntax>
<command:parameters><command:parameter required="false" variableLength="true" globbing="false" pipelineInput="True (ByValue)" position="1" aliases="none"><maml:name>Name</maml:name>
<maml:Description><maml:para>The theme name. If nothing is passed all themes are listed.
</maml:para>
</maml:Description>
<command:parameterValue required="true" variableLength="false">String</command:parameterValue>
<dev:type><maml:name>String</maml:name>
<maml:uri /></dev:type>
<dev:defaultValue>None</dev:defaultValue>
</command:parameter>
</command:parameters>
<command:inputTypes></command:inputTypes>
<command:returnValues></command:returnValues>
<maml:alertSet><maml:alert><maml:para>
</maml:para>
</maml:alert>
</maml:alertSet>
<command:examples><command:example><maml:title>-------------------------- EXAMPLE 1 --------------------------</maml:title>
<dev:code>Get-OMPTheme</dev:code>
<dev:remarks><maml:para>Shows all OhMyPsh themes and if it is loaded or not.
</maml:para>
</dev:remarks>
</command:example>
</command:examples>
<command:relatedLinks><maml:navigationLink><maml:linkText>https://www.github.com/zloeber/OhMyPsh</maml:linkText>
<maml:uri>https://www.github.com/zloeber/OhMyPsh</maml:uri>
</maml:navigationLink>
</command:relatedLinks>
</command:command>
<command:command xmlns:maml="http://schemas.microsoft.com/maml/2004/10" xmlns:command="http://schemas.microsoft.com/maml/dev/command/2004/10" xmlns:dev="http://schemas.microsoft.com/maml/dev/2004/10" xmlns:MSHelp="http://msdn.microsoft.com/mshelp">
<command:details><command:name>Import-OMPModule</command:name>
<command:verb>Import</command:verb>
<command:noun>OMPModule</command:noun>
<maml:description><maml:para>Attempt to load and optionally install a powershell module.
</maml:para>
</maml:description>
</command:details>
<maml:description><maml:para>Attempt to load and optionally install a powershell module.
</maml:para>
</maml:description>
<command:syntax><command:syntaxItem><maml:name>Import-OMPModule</maml:name>
<command:parameter required="true" variableLength="true" globbing="false" pipelineInput="True (ByValue)" position="1" aliases="none"><maml:name>Name</maml:name>
<maml:Description><maml:para>Name of the module
</maml:para>
</maml:Description>
<command:parameterValue required="true" variableLength="false">String[]</command:parameterValue>
<dev:type><maml:name>String[]</maml:name>
<maml:uri /></dev:type>
<dev:defaultValue>None</dev:defaultValue>
</command:parameter>
</command:syntaxItem>
</command:syntax>
<command:parameters><command:parameter required="true" variableLength="true" globbing="false" pipelineInput="True (ByValue)" position="1" aliases="none"><maml:name>Name</maml:name>
<maml:Description><maml:para>Name of the module
</maml:para>
</maml:Description>
<command:parameterValue required="true" variableLength="false">String[]</command:parameterValue>
<dev:type><maml:name>String[]</maml:name>
<maml:uri /></dev:type>
<dev:defaultValue>None</dev:defaultValue>
</command:parameter>
</command:parameters>
<command:inputTypes></command:inputTypes>
<command:returnValues></command:returnValues>
<maml:alertSet><maml:alert><maml:para>Author: Zachary Loeber
</maml:para>
<maml:para>
</maml:para>
<maml:para>
</maml:para>
<maml:para>Version History 1.0.0 - Initial release
</maml:para>
</maml:alert>
</maml:alertSet>
<command:examples><command:example><maml:title>-------------------------- EXAMPLE 1 --------------------------</maml:title>
<dev:code>Import-OMPModule -Name 'posh-git'</dev:code>
<dev:remarks><maml:para>If not already imported attempt to import posh-git.  If the OhMyPsh profile allows, attempt to automatically install posh-git if it isn't found.
</maml:para>
</dev:remarks>
</command:example>
</command:examples>
<command:relatedLinks><maml:navigationLink><maml:linkText>Online Version:</maml:linkText>
<maml:uri>https://www.github.com/zloeber/OhMyPsh</maml:uri>
</maml:navigationLink>
</command:relatedLinks>
</command:command>
<command:command xmlns:maml="http://schemas.microsoft.com/maml/2004/10" xmlns:command="http://schemas.microsoft.com/maml/dev/command/2004/10" xmlns:dev="http://schemas.microsoft.com/maml/dev/2004/10" xmlns:MSHelp="http://msdn.microsoft.com/mshelp">
<command:details><command:name>Import-OMPProfile</command:name>
<command:verb>Import</command:verb>
<command:noun>OMPProfile</command:noun>
<maml:description><maml:para>Loads a user profile.
</maml:para>
</maml:description>
</command:details>
<maml:description><maml:para>Loads a user profile.
</maml:para>
</maml:description>
<command:syntax><command:syntaxItem><maml:name>Import-OMPProfile</maml:name>
<command:parameter required="false" variableLength="true" globbing="false" pipelineInput="False" position="1" aliases="none"><maml:name>Path</maml:name>
<maml:Description><maml:para>Path to the user module profile settings.
</maml:para>
</maml:Description>
<command:parameterValue required="true" variableLength="false">String</command:parameterValue>
<dev:type><maml:name>String</maml:name>
<maml:uri /></dev:type>
<dev:defaultValue>$Script:OMPProfileExportFile</dev:defaultValue>
</command:parameter>
</command:syntaxItem>
</command:syntax>
<command:parameters><command:parameter required="false" variableLength="true" globbing="false" pipelineInput="False" position="1" aliases="none"><maml:name>Path</maml:name>
<maml:Description><maml:para>Path to the user module profile settings.
</maml:para>
</maml:Description>
<command:parameterValue required="true" variableLength="false">String</command:parameterValue>
<dev:type><maml:name>String</maml:name>
<maml:uri /></dev:type>
<dev:defaultValue>$Script:OMPProfileExportFile</dev:defaultValue>
</command:parameter>
</command:parameters>
<command:inputTypes></command:inputTypes>
<command:returnValues></command:returnValues>
<maml:alertSet><maml:alert><maml:para>Author: Zachary Loeber
</maml:para>
</maml:alert>
</maml:alertSet>
<command:examples><command:example><maml:title>-------------------------- EXAMPLE 1 --------------------------</maml:title>
<dev:code>Import-OMPProfile -Path C:\temp\.OhMyPsh.profile.json</dev:code>
<dev:remarks><maml:para>Loads the profile from C:\temp\.OhMyPsh.profile.json into the module settings
</maml:para>
</dev:remarks>
</command:example>
</command:examples>
<command:relatedLinks><maml:navigationLink><maml:linkText>Online Version:</maml:linkText>
<maml:uri>https://www.github.com/zloeber/OhMyPsh</maml:uri>
</maml:navigationLink>
</command:relatedLinks>
</command:command>
<command:command xmlns:maml="http://schemas.microsoft.com/maml/2004/10" xmlns:command="http://schemas.microsoft.com/maml/dev/command/2004/10" xmlns:dev="http://schemas.microsoft.com/maml/dev/2004/10" xmlns:MSHelp="http://msdn.microsoft.com/mshelp">
<command:details><command:name>Invoke-OMPPluginShutdown</command:name>
<command:verb>Invoke</command:verb>
<command:noun>OMPPluginShutdown</command:noun>
<maml:description><maml:para>Runs the shutdown code for a loaded plugin.
</maml:para>
</maml:description>
</command:details>
<maml:description><maml:para>Runs the shutdown code for a loaded plugin.
</maml:para>
</maml:description>
<command:syntax><command:syntaxItem><maml:name>Invoke-OMPPluginShutdown</maml:name>
<command:parameter required="false" variableLength="true" globbing="false" pipelineInput="True (ByValue)" position="1" aliases="none"><maml:name>Name</maml:name>
<maml:Description><maml:para>Name of the plugin
</maml:para>
</maml:Description>
<command:parameterValue required="true" variableLength="false">String</command:parameterValue>
<dev:type><maml:name>String</maml:name>
<maml:uri /></dev:type>
<dev:defaultValue>None</dev:defaultValue>
</command:parameter>
</command:syntaxItem>
</command:syntax>
<command:parameters><command:parameter required="false" variableLength="true" globbing="false" pipelineInput="True (ByValue)" position="1" aliases="none"><maml:name>Name</maml:name>
<maml:Description><maml:para>Name of the plugin
</maml:para>
</maml:Description>
<command:parameterValue required="true" variableLength="false">String</command:parameterValue>
<dev:type><maml:name>String</maml:name>
<maml:uri /></dev:type>
<dev:defaultValue>None</dev:defaultValue>
</command:parameter>
</command:parameters>
<command:inputTypes></command:inputTypes>
<command:returnValues></command:returnValues>
<maml:alertSet><maml:alert><maml:para>Author: Zachary Loeber
</maml:para>
<maml:para>
</maml:para>
<maml:para>
</maml:para>
<maml:para>Version History 1.0.0 - Initial release
</maml:para>
</maml:alert>
</maml:alertSet>
<command:examples><command:example><maml:title>-------------------------- EXAMPLE 1 --------------------------</maml:title>
<dev:code>Invoke-OMPPluginShutdown -Name 'o365'</dev:code>
<dev:remarks><maml:para>
</maml:para>
</dev:remarks>
</command:example>
</command:examples>
<command:relatedLinks><maml:navigationLink><maml:linkText>Online Version:</maml:linkText>
<maml:uri>https://www.github.com/zloeber/OhMyPsh</maml:uri>
</maml:navigationLink>
</command:relatedLinks>
</command:command>
<command:command xmlns:maml="http://schemas.microsoft.com/maml/2004/10" xmlns:command="http://schemas.microsoft.com/maml/dev/command/2004/10" xmlns:dev="http://schemas.microsoft.com/maml/dev/2004/10" xmlns:MSHelp="http://msdn.microsoft.com/mshelp">
<command:details><command:name>New-OMPPlugin</command:name>
<command:verb>New</command:verb>
<command:noun>OMPPlugin</command:noun>
<maml:description><maml:para>Creates a new OMP Plugin template.
</maml:para>
</maml:description>
</command:details>
<maml:description><maml:para>Creates a new OMP Plugin template.
</maml:para>
</maml:description>
<command:syntax><command:syntaxItem><maml:name>New-OMPPlugin</maml:name>
<command:parameter required="true" variableLength="true" globbing="false" pipelineInput="False" position="1" aliases="none"><maml:name>Name</maml:name>
<maml:Description><maml:para>Name of the plugin
</maml:para>
</maml:Description>
<command:parameterValue required="true" variableLength="false">String</command:parameterValue>
<dev:type><maml:name>String</maml:name>
<maml:uri /></dev:type>
<dev:defaultValue>None</dev:defaultValue>
</command:parameter>
</command:syntaxItem>
</command:syntax>
<command:parameters><command:parameter required="true" variableLength="true" globbing="false" pipelineInput="False" position="1" aliases="none"><maml:name>Name</maml:name>
<maml:Description><maml:para>Name of the plugin
</maml:para>
</maml:Description>
<command:parameterValue required="true" variableLength="false">String</command:parameterValue>
<dev:type><maml:name>String</maml:name>
<maml:uri /></dev:type>
<dev:defaultValue>None</dev:defaultValue>
</command:parameter>
</command:parameters>
<command:inputTypes></command:inputTypes>
<command:returnValues></command:returnValues>
<maml:alertSet><maml:alert><maml:para>Author: Zachary Loeber
</maml:para>
<maml:para>
</maml:para>
<maml:para>
</maml:para>
<maml:para>Version History 1.0.0 - Initial release
</maml:para>
</maml:alert>
</maml:alertSet>
<command:examples><command:example><maml:title>-------------------------- EXAMPLE 1 --------------------------</maml:title>
<dev:code>New-OMPPlugin -Name 'mygreatplugin'</dev:code>
<dev:remarks><maml:para>Creates 'mygreatplugin' in the plugins directory and displays the full path to the created plugin.
</maml:para>
</dev:remarks>
</command:example>
</command:examples>
<command:relatedLinks><maml:navigationLink><maml:linkText>Online Version:</maml:linkText>
<maml:uri>https://www.github.com/zloeber/OhMyPsh</maml:uri>
</maml:navigationLink>
</command:relatedLinks>
</command:command>
<command:command xmlns:maml="http://schemas.microsoft.com/maml/2004/10" xmlns:command="http://schemas.microsoft.com/maml/dev/command/2004/10" xmlns:dev="http://schemas.microsoft.com/maml/dev/2004/10" xmlns:MSHelp="http://msdn.microsoft.com/mshelp">
<command:details><command:name>Optimize-OMPProfile</command:name>
<command:verb>Optimize</command:verb>
<command:noun>OMPProfile</command:noun>
<maml:description><maml:para>Runs ngen on powershell assemblies. This can sometimes optimize startup times for PowerShell.
</maml:para>
</maml:description>
</command:details>
<maml:description><maml:para>Runs ngen on powershell assemblies. This can sometimes optimize startup times for PowerShell.
</maml:para>
</maml:description>
<command:syntax><command:syntaxItem><maml:name>Optimize-OMPProfile</maml:name>
</command:syntaxItem>
</command:syntax>
<command:parameters></command:parameters>
<command:inputTypes></command:inputTypes>
<command:returnValues></command:returnValues>
<maml:alertSet><maml:alert><maml:para>Author: Zachary Loeber
</maml:para>
<maml:para>
</maml:para>
<maml:para>Info: http://stackoverflow.com/questions/4208694/how-to-speed-up-startup-of-powershell-in-the-4-0-environment Version History 1.0.0 - Initial release
</maml:para>
</maml:alert>
</maml:alertSet>
<command:examples><command:example><maml:title>-------------------------- EXAMPLE 1 --------------------------</maml:title>
<dev:code>Optimize-OMPProfile</dev:code>
<dev:remarks><maml:para>
</maml:para>
</dev:remarks>
</command:example>
</command:examples>
<command:relatedLinks><maml:navigationLink><maml:linkText>Online Version:</maml:linkText>
<maml:uri>https://www.github.com/zloeber/OhMyPsh</maml:uri>
</maml:navigationLink>
</command:relatedLinks>
</command:command>
<command:command xmlns:maml="http://schemas.microsoft.com/maml/2004/10" xmlns:command="http://schemas.microsoft.com/maml/dev/command/2004/10" xmlns:dev="http://schemas.microsoft.com/maml/dev/2004/10" xmlns:MSHelp="http://msdn.microsoft.com/mshelp">
<command:details><command:name>Remove-OMPAutoLoadModule</command:name>
<command:verb>Remove</command:verb>
<command:noun>OMPAutoLoadModule</command:noun>
<maml:description><maml:para>Removes a module to be autoloaded when OMP starts up.
</maml:para>
</maml:description>
</command:details>
<maml:description><maml:para>Removes a module to be autoloaded when OMP starts up.
</maml:para>
</maml:description>
<command:syntax><command:syntaxItem><maml:name>Remove-OMPAutoLoadModule</maml:name>
<command:parameter required="true" variableLength="true" globbing="false" pipelineInput="False" position="1" aliases="none"><maml:name>Name</maml:name>
<maml:Description><maml:para>Name of the module
</maml:para>
</maml:Description>
<command:parameterValue required="true" variableLength="false">String</command:parameterValue>
<dev:type><maml:name>String</maml:name>
<maml:uri /></dev:type>
<dev:defaultValue>None</dev:defaultValue>
</command:parameter>
<command:parameter required="false" variableLength="true" globbing="false" pipelineInput="False" position="2" aliases="none"><maml:name>NoProfileUpdate</maml:name>
<maml:Description><maml:para>Skip updating the profile
</maml:para>
</maml:Description>
<dev:type><maml:name>SwitchParameter</maml:name>
<maml:uri /></dev:type>
<dev:defaultValue>False</dev:defaultValue>
</command:parameter>
</command:syntaxItem>
</command:syntax>
<command:parameters><command:parameter required="true" variableLength="true" globbing="false" pipelineInput="False" position="1" aliases="none"><maml:name>Name</maml:name>
<maml:Description><maml:para>Name of the module
</maml:para>
</maml:Description>
<command:parameterValue required="true" variableLength="false">String</command:parameterValue>
<dev:type><maml:name>String</maml:name>
<maml:uri /></dev:type>
<dev:defaultValue>None</dev:defaultValue>
</command:parameter>
<command:parameter required="false" variableLength="true" globbing="false" pipelineInput="False" position="2" aliases="none"><maml:name>NoProfileUpdate</maml:name>
<maml:Description><maml:para>Skip updating the profile
</maml:para>
</maml:Description>
<command:parameterValue required="false" variableLength="false">SwitchParameter</command:parameterValue>
<dev:type><maml:name>SwitchParameter</maml:name>
<maml:uri /></dev:type>
<dev:defaultValue>False</dev:defaultValue>
</command:parameter>
</command:parameters>
<command:inputTypes></command:inputTypes>
<command:returnValues></command:returnValues>
<maml:alertSet><maml:alert><maml:para>Author: Zachary Loeber
</maml:para>
<maml:para>
</maml:para>
<maml:para>
</maml:para>
<maml:para>Version History 1.0.0 - Initial release
</maml:para>
</maml:alert>
</maml:alertSet>
<command:examples><command:example><maml:title>-------------------------- EXAMPLE 1 --------------------------</maml:title>
<dev:code>Remove-OMPAutoLoadModule -Name 'posh-git'</dev:code>
<dev:remarks><maml:para>Removes posh-git from the list of modules that will be loaded when OhMyPsh starts.
</maml:para>
</dev:remarks>
</command:example>
</command:examples>
<command:relatedLinks><maml:navigationLink><maml:linkText>Online Version:</maml:linkText>
<maml:uri>https://www.github.com/zloeber/OhMyPsh</maml:uri>
</maml:navigationLink>
</command:relatedLinks>
</command:command>
<command:command xmlns:maml="http://schemas.microsoft.com/maml/2004/10" xmlns:command="http://schemas.microsoft.com/maml/dev/command/2004/10" xmlns:dev="http://schemas.microsoft.com/maml/dev/2004/10" xmlns:MSHelp="http://msdn.microsoft.com/mshelp">
<command:details><command:name>Remove-OMPModule</command:name>
<command:verb>Remove</command:verb>
<command:noun>OMPModule</command:noun>
<maml:description><maml:para>Removes a module from this session.
</maml:para>
</maml:description>
</command:details>
<maml:description><maml:para>Removes a module from this session.
</maml:para>
</maml:description>
<command:syntax><command:syntaxItem><maml:name>Remove-OMPModule</maml:name>
<command:parameter required="true" variableLength="true" globbing="false" pipelineInput="False" position="1" aliases="none"><maml:name>Name</maml:name>
<maml:Description><maml:para>Name of the module
</maml:para>
</maml:Description>
<command:parameterValue required="true" variableLength="false">String[]</command:parameterValue>
<dev:type><maml:name>String[]</maml:name>
<maml:uri /></dev:type>
<dev:defaultValue>None</dev:defaultValue>
</command:parameter>
<command:parameter required="false" variableLength="true" globbing="false" pipelineInput="False" position="2" aliases="none"><maml:name>PluginSafe</maml:name>
<maml:Description><maml:para>If you are removing the module as part of a plugin use this switch to only unload a module if it isn't in the autoloaded modules OhMyPsh profile setting or loaded prior to OhMyPsh being started. Note that this is not 'safe' if there are multiple plugins loaded with the same module requirements.
</maml:para>
</maml:Description>
<dev:type><maml:name>SwitchParameter</maml:name>
<maml:uri /></dev:type>
<dev:defaultValue>False</dev:defaultValue>
</command:parameter>
</command:syntaxItem>
</command:syntax>
<command:parameters><command:parameter required="true" variableLength="true" globbing="false" pipelineInput="False" position="1" aliases="none"><maml:name>Name</maml:name>
<maml:Description><maml:para>Name of the module
</maml:para>
</maml:Description>
<command:parameterValue required="true" variableLength="false">String[]</command:parameterValue>
<dev:type><maml:name>String[]</maml:name>
<maml:uri /></dev:type>
<dev:defaultValue>None</dev:defaultValue>
</command:parameter>
<command:parameter required="false" variableLength="true" globbing="false" pipelineInput="False" position="2" aliases="none"><maml:name>PluginSafe</maml:name>
<maml:Description><maml:para>If you are removing the module as part of a plugin use this switch to only unload a module if it isn't in the autoloaded modules OhMyPsh profile setting or loaded prior to OhMyPsh being started. Note that this is not 'safe' if there are multiple plugins loaded with the same module requirements.
</maml:para>
</maml:Description>
<command:parameterValue required="false" variableLength="false">SwitchParameter</command:parameterValue>
<dev:type><maml:name>SwitchParameter</maml:name>
<maml:uri /></dev:type>
<dev:defaultValue>False</dev:defaultValue>
</command:parameter>
</command:parameters>
<command:inputTypes></command:inputTypes>
<command:returnValues></command:returnValues>
<maml:alertSet><maml:alert><maml:para>Author: Zachary Loeber
</maml:para>
<maml:para>
</maml:para>
<maml:para>
</maml:para>
<maml:para>Version History 1.0.0 - Initial release
</maml:para>
</maml:alert>
</maml:alertSet>
<command:examples><command:example><maml:title>-------------------------- EXAMPLE 1 --------------------------</maml:title>
<dev:code>Remove-OMPModule -Name 'posh-git' -PluginSafe</dev:code>
<dev:remarks><maml:para>Removes posh-git from this session if it was not autoloaded or loaded when OhMyPsh started.
</maml:para>
</dev:remarks>
</command:example>
</command:examples>
<command:relatedLinks><maml:navigationLink><maml:linkText>Online Version:</maml:linkText>
<maml:uri>https://www.github.com/zloeber/OhMyPsh</maml:uri>
</maml:navigationLink>
</command:relatedLinks>
</command:command>
<command:command xmlns:maml="http://schemas.microsoft.com/maml/2004/10" xmlns:command="http://schemas.microsoft.com/maml/dev/command/2004/10" xmlns:dev="http://schemas.microsoft.com/maml/dev/2004/10" xmlns:MSHelp="http://msdn.microsoft.com/mshelp">
<command:details><command:name>Remove-OMPPersonalFunction</command:name>
<command:verb>Remove</command:verb>
<command:noun>OMPPersonalFunction</command:noun>
<maml:description><maml:para>Removes a loaded personal function path from the profile.
</maml:para>
</maml:description>
</command:details>
<maml:description><maml:para>Removes a loaded personal function path from the profile.
</maml:para>
</maml:description>
<command:syntax><command:syntaxItem><maml:name>Remove-OMPPersonalFunction</maml:name>
<command:parameter required="true" variableLength="true" globbing="false" pipelineInput="False" position="1" aliases="none"><maml:name>Path</maml:name>
<maml:Description><maml:para>Path to the personal function.
</maml:para>
</maml:Description>
<command:parameterValue required="true" variableLength="false">String</command:parameterValue>
<dev:type><maml:name>String</maml:name>
<maml:uri /></dev:type>
<dev:defaultValue>None</dev:defaultValue>
</command:parameter>
<command:parameter required="false" variableLength="true" globbing="false" pipelineInput="False" position="2" aliases="none"><maml:name>NoProfileUpdate</maml:name>
<maml:Description><maml:para>Skip updating the profile
</maml:para>
</maml:Description>
<dev:type><maml:name>SwitchParameter</maml:name>
<maml:uri /></dev:type>
<dev:defaultValue>False</dev:defaultValue>
</command:parameter>
</command:syntaxItem>
</command:syntax>
<command:parameters><command:parameter required="true" variableLength="true" globbing="false" pipelineInput="False" position="1" aliases="none"><maml:name>Path</maml:name>
<maml:Description><maml:para>Path to the personal function.
</maml:para>
</maml:Description>
<command:parameterValue required="true" variableLength="false">String</command:parameterValue>
<dev:type><maml:name>String</maml:name>
<maml:uri /></dev:type>
<dev:defaultValue>None</dev:defaultValue>
</command:parameter>
<command:parameter required="false" variableLength="true" globbing="false" pipelineInput="False" position="2" aliases="none"><maml:name>NoProfileUpdate</maml:name>
<maml:Description><maml:para>Skip updating the profile
</maml:para>
</maml:Description>
<command:parameterValue required="false" variableLength="false">SwitchParameter</command:parameterValue>
<dev:type><maml:name>SwitchParameter</maml:name>
<maml:uri /></dev:type>
<dev:defaultValue>False</dev:defaultValue>
</command:parameter>
</command:parameters>
<command:inputTypes></command:inputTypes>
<command:returnValues></command:returnValues>
<maml:alertSet><maml:alert><maml:para>Author: Zachary Loeber
</maml:para>
<maml:para>
</maml:para>
<maml:para>
</maml:para>
<maml:para>Version History 1.0.0 - Initial release
</maml:para>
</maml:alert>
</maml:alertSet>
<command:examples><command:example><maml:title>-------------------------- EXAMPLE 1 --------------------------</maml:title>
<dev:code>Remove-OMPPersonalFunction -Name 'C:\temp\Upgrade-System.ps1'</dev:code>
<dev:remarks><maml:para>Removes posh-git from the list of modules that will be loaded when OhMyPsh starts.
</maml:para>
</dev:remarks>
</command:example>
</command:examples>
<command:relatedLinks><maml:navigationLink><maml:linkText>Online Version:</maml:linkText>
<maml:uri>https://www.github.com/zloeber/OhMyPsh</maml:uri>
</maml:navigationLink>
</command:relatedLinks>
</command:command>
<command:command xmlns:maml="http://schemas.microsoft.com/maml/2004/10" xmlns:command="http://schemas.microsoft.com/maml/dev/command/2004/10" xmlns:dev="http://schemas.microsoft.com/maml/dev/2004/10" xmlns:MSHelp="http://msdn.microsoft.com/mshelp">
<command:details><command:name>Remove-OMPPlugin</command:name>
<command:verb>Remove</command:verb>
<command:noun>OMPPlugin</command:noun>
<maml:description><maml:para>Removes a loaded plugin
</maml:para>
</maml:description>
</command:details>
<maml:description><maml:para>Removes a loaded plugin
</maml:para>
</maml:description>
<command:syntax><command:syntaxItem><maml:name>Remove-OMPPlugin</maml:name>
<command:parameter required="true" variableLength="true" globbing="false" pipelineInput="True (ByValue)" position="1" aliases="none"><maml:name>Name</maml:name>
<maml:Description><maml:para>Name of the plugin
</maml:para>
</maml:Description>
<command:parameterValue required="true" variableLength="false">String</command:parameterValue>
<dev:type><maml:name>String</maml:name>
<maml:uri /></dev:type>
<dev:defaultValue>None</dev:defaultValue>
</command:parameter>
<command:parameter required="false" variableLength="true" globbing="false" pipelineInput="False" position="2" aliases="none"><maml:name>Force</maml:name>
<maml:Description><maml:para>If the plugin is already loaded use this to force load it again.
</maml:para>
</maml:Description>
<dev:type><maml:name>SwitchParameter</maml:name>
<maml:uri /></dev:type>
<dev:defaultValue>False</dev:defaultValue>
</command:parameter>
<command:parameter required="false" variableLength="true" globbing="false" pipelineInput="False" position="3" aliases="none"><maml:name>NoProfileUpdate</maml:name>
<maml:Description><maml:para>Skip updating the profile
</maml:para>
</maml:Description>
<dev:type><maml:name>SwitchParameter</maml:name>
<maml:uri /></dev:type>
<dev:defaultValue>False</dev:defaultValue>
</command:parameter>
</command:syntaxItem>
</command:syntax>
<command:parameters><command:parameter required="true" variableLength="true" globbing="false" pipelineInput="True (ByValue)" position="1" aliases="none"><maml:name>Name</maml:name>
<maml:Description><maml:para>Name of the plugin
</maml:para>
</maml:Description>
<command:parameterValue required="true" variableLength="false">String</command:parameterValue>
<dev:type><maml:name>String</maml:name>
<maml:uri /></dev:type>
<dev:defaultValue>None</dev:defaultValue>
</command:parameter>
<command:parameter required="false" variableLength="true" globbing="false" pipelineInput="False" position="2" aliases="none"><maml:name>Force</maml:name>
<maml:Description><maml:para>If the plugin is already loaded use this to force load it again.
</maml:para>
</maml:Description>
<command:parameterValue required="false" variableLength="false">SwitchParameter</command:parameterValue>
<dev:type><maml:name>SwitchParameter</maml:name>
<maml:uri /></dev:type>
<dev:defaultValue>False</dev:defaultValue>
</command:parameter>
<command:parameter required="false" variableLength="true" globbing="false" pipelineInput="False" position="3" aliases="none"><maml:name>NoProfileUpdate</maml:name>
<maml:Description><maml:para>Skip updating the profile
</maml:para>
</maml:Description>
<command:parameterValue required="false" variableLength="false">SwitchParameter</command:parameterValue>
<dev:type><maml:name>SwitchParameter</maml:name>
<maml:uri /></dev:type>
<dev:defaultValue>False</dev:defaultValue>
</command:parameter>
</command:parameters>
<command:inputTypes></command:inputTypes>
<command:returnValues></command:returnValues>
<maml:alertSet><maml:alert><maml:para>Author: Zachary Loeber
</maml:para>
<maml:para>
</maml:para>
<maml:para>
</maml:para>
<maml:para>Version History 1.0.0 - Initial release
</maml:para>
</maml:alert>
</maml:alertSet>
<command:examples><command:example><maml:title>-------------------------- EXAMPLE 1 --------------------------</maml:title>
<dev:code>Remove-OMPPlugin -Name 'o365'</dev:code>
<dev:remarks><maml:para>
</maml:para>
</dev:remarks>
</command:example>
</command:examples>
<command:relatedLinks><maml:navigationLink><maml:linkText>Online Version:</maml:linkText>
<maml:uri>https://www.github.com/zloeber/OhMyPsh</maml:uri>
</maml:navigationLink>
</command:relatedLinks>
</command:command>
<command:command xmlns:maml="http://schemas.microsoft.com/maml/2004/10" xmlns:command="http://schemas.microsoft.com/maml/dev/command/2004/10" xmlns:dev="http://schemas.microsoft.com/maml/dev/2004/10" xmlns:MSHelp="http://msdn.microsoft.com/mshelp">
<command:details><command:name>Remove-OMPProfileSetting</command:name>
<command:verb>Remove</command:verb>
<command:noun>OMPProfileSetting</command:noun>
<maml:description><maml:para>Removes a custom profile setting that is not one of the core settings. Afterwards the profile is automatically exported and saved.
</maml:para>
</maml:description>
</command:details>
<maml:description><maml:para>Removes a custom profile setting that is not one of the core settings. Afterwards the profile is automatically exported and saved.
</maml:para>
</maml:description>
<command:syntax><command:syntaxItem><maml:name>Remove-OMPProfileSetting</maml:name>
<command:parameter required="true" variableLength="true" globbing="false" pipelineInput="False" position="1" aliases="none"><maml:name>Name</maml:name>
<maml:Description><maml:para>Name of the setting
</maml:para>
</maml:Description>
<command:parameterValue required="true" variableLength="false">String</command:parameterValue>
<dev:type><maml:name>String</maml:name>
<maml:uri /></dev:type>
<dev:defaultValue>None</dev:defaultValue>
</command:parameter>
<command:parameter required="false" variableLength="true" globbing="false" pipelineInput="False" position="2" aliases="none"><maml:name>NoProfileUpdate</maml:name>
<maml:Description><maml:para>Skip updating the profile
</maml:para>
</maml:Description>
<dev:type><maml:name>SwitchParameter</maml:name>
<maml:uri /></dev:type>
<dev:defaultValue>False</dev:defaultValue>
</command:parameter>
</command:syntaxItem>
</command:syntax>
<command:parameters><command:parameter required="true" variableLength="true" globbing="false" pipelineInput="False" position="1" aliases="none"><maml:name>Name</maml:name>
<maml:Description><maml:para>Name of the setting
</maml:para>
</maml:Description>
<command:parameterValue required="true" variableLength="false">String</command:parameterValue>
<dev:type><maml:name>String</maml:name>
<maml:uri /></dev:type>
<dev:defaultValue>None</dev:defaultValue>
</command:parameter>
<command:parameter required="false" variableLength="true" globbing="false" pipelineInput="False" position="2" aliases="none"><maml:name>NoProfileUpdate</maml:name>
<maml:Description><maml:para>Skip updating the profile
</maml:para>
</maml:Description>
<command:parameterValue required="false" variableLength="false">SwitchParameter</command:parameterValue>
<dev:type><maml:name>SwitchParameter</maml:name>
<maml:uri /></dev:type>
<dev:defaultValue>False</dev:defaultValue>
</command:parameter>
</command:parameters>
<command:inputTypes></command:inputTypes>
<command:returnValues></command:returnValues>
<maml:alertSet><maml:alert><maml:para>Author: Zachary Loeber
</maml:para>
<maml:para>
</maml:para>
<maml:para>Version History 1.0.0 - Initial release
</maml:para>
</maml:alert>
</maml:alertSet>
<command:examples><command:example><maml:title>-------------------------- EXAMPLE 1 --------------------------</maml:title>
<dev:code>Remove-OMPProfileSetting -Name 'CustomSetting'</dev:code>
<dev:remarks><maml:para>
</maml:para>
</dev:remarks>
</command:example>
</command:examples>
<command:relatedLinks><maml:navigationLink><maml:linkText>Online Version:</maml:linkText>
<maml:uri>https://www.github.com/zloeber/OhMyPsh</maml:uri>
</maml:navigationLink>
</command:relatedLinks>
</command:command>
<command:command xmlns:maml="http://schemas.microsoft.com/maml/2004/10" xmlns:command="http://schemas.microsoft.com/maml/dev/command/2004/10" xmlns:dev="http://schemas.microsoft.com/maml/dev/2004/10" xmlns:MSHelp="http://msdn.microsoft.com/mshelp">
<command:details><command:name>Restore-OMPOriginalAlias</command:name>
<command:verb>Restore</command:verb>
<command:noun>OMPOriginalAlias</command:noun>
<maml:description><maml:para>Restores original aliases that are backed up when this module initially loads.
</maml:para>
</maml:description>
</command:details>
<maml:description><maml:para>Restores original aliases that are backed up when this module initially loads.
</maml:para>
</maml:description>
<command:syntax><command:syntaxItem><maml:name>Restore-OMPOriginalAlias</maml:name>
</command:syntaxItem>
</command:syntax>
<command:parameters></command:parameters>
<command:inputTypes></command:inputTypes>
<command:returnValues></command:returnValues>
<maml:alertSet><maml:alert><maml:para>Author: Zachary Loeber
</maml:para>
<maml:para>
</maml:para>
<maml:para>Version History 1.0.0 - Initial release
</maml:para>
</maml:alert>
</maml:alertSet>
<command:examples><command:example><maml:title>-------------------------- EXAMPLE 1 --------------------------</maml:title>
<dev:code>Restore-OMPOriginalAlias</dev:code>
<dev:remarks><maml:para>
</maml:para>
</dev:remarks>
</command:example>
</command:examples>
<command:relatedLinks><maml:navigationLink><maml:linkText>Online Version:</maml:linkText>
<maml:uri>https://www.github.com/zloeber/OhMyPsh</maml:uri>
</maml:navigationLink>
</command:relatedLinks>
</command:command>
<command:command xmlns:maml="http://schemas.microsoft.com/maml/2004/10" xmlns:command="http://schemas.microsoft.com/maml/dev/command/2004/10" xmlns:dev="http://schemas.microsoft.com/maml/dev/2004/10" xmlns:MSHelp="http://msdn.microsoft.com/mshelp">
<command:details><command:name>Restore-OMPOriginalConsole</command:name>
<command:verb>Restore</command:verb>
<command:noun>OMPOriginalConsole</command:noun>
<maml:description><maml:para>Restores the original console colors and title.
</maml:para>
</maml:description>
</command:details>
<maml:description><maml:para>Restores the original console colors and title.
</maml:para>
</maml:description>
<command:syntax><command:syntaxItem><maml:name>Restore-OMPOriginalConsole</maml:name>
</command:syntaxItem>
</command:syntax>
<command:parameters></command:parameters>
<command:inputTypes></command:inputTypes>
<command:returnValues></command:returnValues>
<maml:alertSet><maml:alert><maml:para>Author: Zachary Loeber
</maml:para>
<maml:para>
</maml:para>
<maml:para>Version History 1.0.0 - Initial release
</maml:para>
</maml:alert>
</maml:alertSet>
<command:examples><command:example><maml:title>-------------------------- EXAMPLE 1 --------------------------</maml:title>
<dev:code>Restore-OMPOriginalConsole</dev:code>
<dev:remarks><maml:para>
</maml:para>
</dev:remarks>
</command:example>
</command:examples>
<command:relatedLinks><maml:navigationLink><maml:linkText>Online Version:</maml:linkText>
<maml:uri>https://www.github.com/zloeber/OhMyPsh</maml:uri>
</maml:navigationLink>
</command:relatedLinks>
</command:command>
<command:command xmlns:maml="http://schemas.microsoft.com/maml/2004/10" xmlns:command="http://schemas.microsoft.com/maml/dev/command/2004/10" xmlns:dev="http://schemas.microsoft.com/maml/dev/2004/10" xmlns:MSHelp="http://msdn.microsoft.com/mshelp">
<command:details><command:name>Restore-OMPOriginalPrompt</command:name>
<command:verb>Restore</command:verb>
<command:noun>OMPOriginalPrompt</command:noun>
<maml:description><maml:para>Restores the original powershell prompt function.
</maml:para>
</maml:description>
</command:details>
<maml:description><maml:para>Restores the original powershell prompt function.
</maml:para>
</maml:description>
<command:syntax><command:syntaxItem><maml:name>Restore-OMPOriginalPrompt</maml:name>
</command:syntaxItem>
</command:syntax>
<command:parameters></command:parameters>
<command:inputTypes></command:inputTypes>
<command:returnValues></command:returnValues>
<maml:alertSet><maml:alert><maml:para>Author: Zachary Loeber
</maml:para>
<maml:para>
</maml:para>
<maml:para>Version History 1.0.0 - Initial release
</maml:para>
</maml:alert>
</maml:alertSet>
<command:examples><command:example><maml:title>-------------------------- EXAMPLE 1 --------------------------</maml:title>
<dev:code>Restore-OMPOriginalPrompt</dev:code>
<dev:remarks><maml:para>
</maml:para>
</dev:remarks>
</command:example>
</command:examples>
<command:relatedLinks><maml:navigationLink><maml:linkText>Online Version:</maml:linkText>
<maml:uri>https://www.github.com/zloeber/OhMyPsh</maml:uri>
</maml:navigationLink>
</command:relatedLinks>
</command:command>
<command:command xmlns:maml="http://schemas.microsoft.com/maml/2004/10" xmlns:command="http://schemas.microsoft.com/maml/dev/command/2004/10" xmlns:dev="http://schemas.microsoft.com/maml/dev/2004/10" xmlns:MSHelp="http://msdn.microsoft.com/mshelp">
<command:details><command:name>Restore-OMPOriginalPSDefaultParameter</command:name>
<command:verb>Restore</command:verb>
<command:noun>OMPOriginalPSDefaultParameter</command:noun>
<maml:description><maml:para>Restores the original powershell PSDefaultParameters variable.
</maml:para>
</maml:description>
</command:details>
<maml:description><maml:para>Restores the original powershell PSDefaultParameters variable.
</maml:para>
</maml:description>
<command:syntax><command:syntaxItem><maml:name>Restore-OMPOriginalPSDefaultParameter</maml:name>
</command:syntaxItem>
</command:syntax>
<command:parameters></command:parameters>
<command:inputTypes></command:inputTypes>
<command:returnValues></command:returnValues>
<maml:alertSet><maml:alert><maml:para>Author: Zachary Loeber
</maml:para>
<maml:para>
</maml:para>
<maml:para>Version History 1.0.0 - Initial release
</maml:para>
</maml:alert>
</maml:alertSet>
<command:examples><command:example><maml:title>-------------------------- EXAMPLE 1 --------------------------</maml:title>
<dev:code>Restore-OMPOriginalPSParameterDefault</dev:code>
<dev:remarks><maml:para>
</maml:para>
</dev:remarks>
</command:example>
</command:examples>
<command:relatedLinks><maml:navigationLink><maml:linkText>Online Version:</maml:linkText>
<maml:uri>https://www.github.com/zloeber/OhMyPsh</maml:uri>
</maml:navigationLink>
</command:relatedLinks>
</command:command>
<command:command xmlns:maml="http://schemas.microsoft.com/maml/2004/10" xmlns:command="http://schemas.microsoft.com/maml/dev/command/2004/10" xmlns:dev="http://schemas.microsoft.com/maml/dev/2004/10" xmlns:MSHelp="http://msdn.microsoft.com/mshelp">
<command:details><command:name>Restore-OMPOriginalTabCompletion</command:name>
<command:verb>Restore</command:verb>
<command:noun>OMPOriginalTabCompletion</command:noun>
<maml:description><maml:para>Restores the original powershell TabCompletion and TabCompletion2 functions.
</maml:para>
</maml:description>
</command:details>
<maml:description><maml:para>Restores the original powershell TabCompletion and TabCompletion2 functions.
</maml:para>
</maml:description>
<command:syntax><command:syntaxItem><maml:name>Restore-OMPOriginalTabCompletion</maml:name>
</command:syntaxItem>
</command:syntax>
<command:parameters></command:parameters>
<command:inputTypes></command:inputTypes>
<command:returnValues></command:returnValues>
<maml:alertSet><maml:alert><maml:para>Author: Zachary Loeber
</maml:para>
<maml:para>
</maml:para>
<maml:para>Version History 1.0.0 - Initial release
</maml:para>
</maml:alert>
</maml:alertSet>
<command:examples><command:example><maml:title>-------------------------- EXAMPLE 1 --------------------------</maml:title>
<dev:code>Restore-OMPOriginalTabCompletion</dev:code>
<dev:remarks><maml:para>
</maml:para>
</dev:remarks>
</command:example>
</command:examples>
<command:relatedLinks><maml:navigationLink><maml:linkText>Online Version:</maml:linkText>
<maml:uri>https://www.github.com/zloeber/OhMyPsh</maml:uri>
</maml:navigationLink>
</command:relatedLinks>
</command:command>
<command:command xmlns:maml="http://schemas.microsoft.com/maml/2004/10" xmlns:command="http://schemas.microsoft.com/maml/dev/command/2004/10" xmlns:dev="http://schemas.microsoft.com/maml/dev/2004/10" xmlns:MSHelp="http://msdn.microsoft.com/mshelp">
<command:details><command:name>Set-OMPProfileSetting</command:name>
<command:verb>Set</command:verb>
<command:noun>OMPProfileSetting</command:noun>
<maml:description><maml:para>Set one of the OMP settings.
</maml:para>
</maml:description>
</command:details>
<maml:description><maml:para>Set one of the OMP settings.
</maml:para>
</maml:description>
<command:syntax><command:syntaxItem><maml:name>Set-OMPProfileSetting</maml:name>
<command:parameter required="true" variableLength="true" globbing="false" pipelineInput="False" position="1" aliases="none"><maml:name>Name</maml:name>
<maml:Description><maml:para>Name of the setting
</maml:para>
</maml:Description>
<command:parameterValue required="true" variableLength="false">String</command:parameterValue>
<dev:type><maml:name>String</maml:name>
<maml:uri /></dev:type>
<dev:defaultValue>None</dev:defaultValue>
</command:parameter>
<command:parameter required="true" variableLength="true" globbing="false" pipelineInput="False" position="2" aliases="none"><maml:name>Value</maml:name>
<maml:Description><maml:para>Value of the setting
</maml:para>
</maml:Description>
<command:parameterValue required="true" variableLength="false">Object</command:parameterValue>
<dev:type><maml:name>Object</maml:name>
<maml:uri /></dev:type>
<dev:defaultValue>None</dev:defaultValue>
</command:parameter>
</command:syntaxItem>
</command:syntax>
<command:parameters><command:parameter required="true" variableLength="true" globbing="false" pipelineInput="False" position="1" aliases="none"><maml:name>Name</maml:name>
<maml:Description><maml:para>Name of the setting
</maml:para>
</maml:Description>
<command:parameterValue required="true" variableLength="false">String</command:parameterValue>
<dev:type><maml:name>String</maml:name>
<maml:uri /></dev:type>
<dev:defaultValue>None</dev:defaultValue>
</command:parameter>
<command:parameter required="true" variableLength="true" globbing="false" pipelineInput="False" position="2" aliases="none"><maml:name>Value</maml:name>
<maml:Description><maml:para>Value of the setting
</maml:para>
</maml:Description>
<command:parameterValue required="true" variableLength="false">Object</command:parameterValue>
<dev:type><maml:name>Object</maml:name>
<maml:uri /></dev:type>
<dev:defaultValue>None</dev:defaultValue>
</command:parameter>
</command:parameters>
<command:inputTypes></command:inputTypes>
<command:returnValues></command:returnValues>
<maml:alertSet><maml:alert><maml:para>Author: Zachary Loeber
</maml:para>
<maml:para>
</maml:para>
<maml:para>
</maml:para>
<maml:para>Version History 1.0.0 - Initial release
</maml:para>
</maml:alert>
</maml:alertSet>
<command:examples><command:example><maml:title>-------------------------- EXAMPLE 1 --------------------------</maml:title>
<dev:code>Set-OMPSetting -Name 'SomeSetting' -Value 'somevalue'</dev:code>
<dev:remarks><maml:para>
</maml:para>
</dev:remarks>
</command:example>
</command:examples>
<command:relatedLinks><maml:navigationLink><maml:linkText>Online Version:</maml:linkText>
<maml:uri>https://www.github.com/zloeber/OhMyPsh</maml:uri>
</maml:navigationLink>
</command:relatedLinks>
</command:command>
<command:command xmlns:maml="http://schemas.microsoft.com/maml/2004/10" xmlns:command="http://schemas.microsoft.com/maml/dev/command/2004/10" xmlns:dev="http://schemas.microsoft.com/maml/dev/2004/10" xmlns:MSHelp="http://msdn.microsoft.com/mshelp">
<command:details><command:name>Set-OMPTheme</command:name>
<command:verb>Set</command:verb>
<command:noun>OMPTheme</command:noun>
<maml:description><maml:para>Sets the theme.
</maml:para>
</maml:description>
</command:details>
<maml:description><maml:para>Sets the theme.
</maml:para>
</maml:description>
<command:syntax><command:syntaxItem><maml:name>Set-OMPTheme</maml:name>
<command:parameter required="false" variableLength="true" globbing="false" pipelineInput="False" position="1" aliases="none"><maml:name>Name</maml:name>
<maml:Description><maml:para>Name of the Theme
</maml:para>
</maml:Description>
<command:parameterValue required="true" variableLength="false">String</command:parameterValue>
<dev:type><maml:name>String</maml:name>
<maml:uri /></dev:type>
<dev:defaultValue>$Script:OMPProfile['Theme']</dev:defaultValue>
</command:parameter>
<command:parameter required="false" variableLength="true" globbing="false" pipelineInput="False" position="2" aliases="none"><maml:name>NoProfileUpdate</maml:name>
<maml:Description><maml:para>Skip updating the profile
</maml:para>
</maml:Description>
<dev:type><maml:name>SwitchParameter</maml:name>
<maml:uri /></dev:type>
<dev:defaultValue>False</dev:defaultValue>
</command:parameter>
</command:syntaxItem>
</command:syntax>
<command:parameters><command:parameter required="false" variableLength="true" globbing="false" pipelineInput="False" position="1" aliases="none"><maml:name>Name</maml:name>
<maml:Description><maml:para>Name of the Theme
</maml:para>
</maml:Description>
<command:parameterValue required="true" variableLength="false">String</command:parameterValue>
<dev:type><maml:name>String</maml:name>
<maml:uri /></dev:type>
<dev:defaultValue>$Script:OMPProfile['Theme']</dev:defaultValue>
</command:parameter>
<command:parameter required="false" variableLength="true" globbing="false" pipelineInput="False" position="2" aliases="none"><maml:name>NoProfileUpdate</maml:name>
<maml:Description><maml:para>Skip updating the profile
</maml:para>
</maml:Description>
<command:parameterValue required="false" variableLength="false">SwitchParameter</command:parameterValue>
<dev:type><maml:name>SwitchParameter</maml:name>
<maml:uri /></dev:type>
<dev:defaultValue>False</dev:defaultValue>
</command:parameter>
</command:parameters>
<command:inputTypes></command:inputTypes>
<command:returnValues></command:returnValues>
<maml:alertSet><maml:alert><maml:para>Author: Zachary Loeber
</maml:para>
</maml:alert>
</maml:alertSet>
<command:examples><command:example><maml:title>-------------------------- EXAMPLE 1 --------------------------</maml:title>
<dev:code>Set-OMPTheme -Name 'base'</dev:code>
<dev:remarks><maml:para>
</maml:para>
</dev:remarks>
</command:example>
</command:examples>
<command:relatedLinks><maml:navigationLink><maml:linkText>Online Version:</maml:linkText>
<maml:uri>https://www.github.com/zloeber/OhMyPsh</maml:uri>
</maml:navigationLink>
</command:relatedLinks>
</command:command>
<command:command xmlns:maml="http://schemas.microsoft.com/maml/2004/10" xmlns:command="http://schemas.microsoft.com/maml/dev/command/2004/10" xmlns:dev="http://schemas.microsoft.com/maml/dev/2004/10" xmlns:MSHelp="http://msdn.microsoft.com/mshelp">
<command:details><command:name>Set-OMPWindowTitle</command:name>
<command:verb>Set</command:verb>
<command:noun>OMPWindowTitle</command:noun>
<maml:description><maml:para>Sets the Host window title.
</maml:para>
</maml:description>
</command:details>
<maml:description><maml:para>Sets the Host window title.
</maml:para>
</maml:description>
<command:syntax><command:syntaxItem><maml:name>Set-OMPWindowTitle</maml:name>
<command:parameter required="true" variableLength="true" globbing="false" pipelineInput="False" position="1" aliases="none"><maml:name>Title</maml:name>
<maml:Description><maml:para>Skip updating the profile
</maml:para>
</maml:Description>
<command:parameterValue required="true" variableLength="false">String</command:parameterValue>
<dev:type><maml:name>String</maml:name>
<maml:uri /></dev:type>
<dev:defaultValue>None</dev:defaultValue>
</command:parameter>
</command:syntaxItem>
</command:syntax>
<command:parameters><command:parameter required="true" variableLength="true" globbing="false" pipelineInput="False" position="1" aliases="none"><maml:name>Title</maml:name>
<maml:Description><maml:para>Skip updating the profile
</maml:para>
</maml:Description>
<command:parameterValue required="true" variableLength="false">String</command:parameterValue>
<dev:type><maml:name>String</maml:name>
<maml:uri /></dev:type>
<dev:defaultValue>None</dev:defaultValue>
</command:parameter>
</command:parameters>
<command:inputTypes></command:inputTypes>
<command:returnValues></command:returnValues>
<maml:alertSet><maml:alert><maml:para>Author: Zachary Loeber
</maml:para>
</maml:alert>
</maml:alertSet>
<command:examples><command:example><maml:title>-------------------------- EXAMPLE 1 --------------------------</maml:title>
<dev:code>Set-OMPWindowTitle -Title 'My Console Rocks'</dev:code>
<dev:remarks><maml:para>
</maml:para>
</dev:remarks>
</command:example>
</command:examples>
<command:relatedLinks><maml:navigationLink><maml:linkText>Online Version:</maml:linkText>
<maml:uri>https://www.github.com/zloeber/OhMyPsh</maml:uri>
</maml:navigationLink>
</command:relatedLinks>
</command:command>
<command:command xmlns:maml="http://schemas.microsoft.com/maml/2004/10" xmlns:command="http://schemas.microsoft.com/maml/dev/command/2004/10" xmlns:dev="http://schemas.microsoft.com/maml/dev/2004/10" xmlns:MSHelp="http://msdn.microsoft.com/mshelp">
<command:details><command:name>Show-OMPHelp</command:name>
<command:verb>Show</command:verb>
<command:noun>OMPHelp</command:noun>
<maml:description><maml:para>Shows OhMyPsh basic help.
</maml:para>
</maml:description>
</command:details>
<maml:description><maml:para>Shows OhMyPsh basic help.
</maml:para>
</maml:description>
<command:syntax><command:syntaxItem><maml:name>Show-OMPHelp</maml:name>
</command:syntaxItem>
</command:syntax>
<command:parameters></command:parameters>
<command:inputTypes></command:inputTypes>
<command:returnValues></command:returnValues>
<maml:alertSet><maml:alert><maml:para>
</maml:para>
</maml:alert>
</maml:alertSet>
<command:examples><command:example><maml:title>-------------------------- EXAMPLE 1 --------------------------</maml:title>
<dev:code>Show-OMPHelp</dev:code>
<dev:remarks><maml:para>Shows OhMyPsh help
</maml:para>
</dev:remarks>
</command:example>
</command:examples>
<command:relatedLinks><maml:navigationLink><maml:linkText>https://www.github.com/zloeber/OhMyPsh</maml:linkText>
<maml:uri>https://www.github.com/zloeber/OhMyPsh</maml:uri>
</maml:navigationLink>
</command:relatedLinks>
</command:command>
<command:command xmlns:maml="http://schemas.microsoft.com/maml/2004/10" xmlns:command="http://schemas.microsoft.com/maml/dev/command/2004/10" xmlns:dev="http://schemas.microsoft.com/maml/dev/2004/10" xmlns:MSHelp="http://msdn.microsoft.com/mshelp">
<command:details><command:name>Show-OMPStatus</command:name>
<command:verb>Show</command:verb>
<command:noun>OMPStatus</command:noun>
<maml:description><maml:para>Shows OhMyPsh basic status information.
</maml:para>
</maml:description>
</command:details>
<maml:description><maml:para>Shows OhMyPsh basic status information.
</maml:para>
</maml:description>
<command:syntax><command:syntaxItem><maml:name>Show-OMPStatus</maml:name>
</command:syntaxItem>
</command:syntax>
<command:parameters></command:parameters>
<command:inputTypes></command:inputTypes>
<command:returnValues></command:returnValues>
<maml:alertSet><maml:alert><maml:para>
</maml:para>
</maml:alert>
</maml:alertSet>
<command:examples><command:example><maml:title>-------------------------- EXAMPLE 1 --------------------------</maml:title>
<dev:code>Show-OMPStatus</dev:code>
<dev:remarks><maml:para>Shows OhMyPsh status information.
</maml:para>
</dev:remarks>
</command:example>
</command:examples>
<command:relatedLinks><maml:navigationLink><maml:linkText>https://www.github.com/zloeber/OhMyPsh</maml:linkText>
<maml:uri>https://www.github.com/zloeber/OhMyPsh</maml:uri>
</maml:navigationLink>
</command:relatedLinks>
</command:command>
<command:command xmlns:maml="http://schemas.microsoft.com/maml/2004/10" xmlns:command="http://schemas.microsoft.com/maml/dev/command/2004/10" xmlns:dev="http://schemas.microsoft.com/maml/dev/2004/10" xmlns:MSHelp="http://msdn.microsoft.com/mshelp">
<command:details><command:name>Test-OMPProfileSetting</command:name>
<command:verb>Test</command:verb>
<command:noun>OMPProfileSetting</command:noun>
<maml:description><maml:para>Check if a profile setting exists.
</maml:para>
</maml:description>
</command:details>
<maml:description><maml:para>Check if a profile setting exists.
</maml:para>
</maml:description>
<command:syntax><command:syntaxItem><maml:name>Test-OMPProfileSetting</maml:name>
<command:parameter required="false" variableLength="true" globbing="false" pipelineInput="True (ByValue)" position="1" aliases="none"><maml:name>Name</maml:name>
<maml:Description><maml:para>Name of the setting.
</maml:para>
</maml:Description>
<command:parameterValue required="true" variableLength="false">String</command:parameterValue>
<dev:type><maml:name>String</maml:name>
<maml:uri /></dev:type>
<dev:defaultValue>None</dev:defaultValue>
</command:parameter>
</command:syntaxItem>
</command:syntax>
<command:parameters><command:parameter required="false" variableLength="true" globbing="false" pipelineInput="True (ByValue)" position="1" aliases="none"><maml:name>Name</maml:name>
<maml:Description><maml:para>Name of the setting.
</maml:para>
</maml:Description>
<command:parameterValue required="true" variableLength="false">String</command:parameterValue>
<dev:type><maml:name>String</maml:name>
<maml:uri /></dev:type>
<dev:defaultValue>None</dev:defaultValue>
</command:parameter>
</command:parameters>
<command:inputTypes></command:inputTypes>
<command:returnValues></command:returnValues>
<maml:alertSet><maml:alert><maml:para>Author: Zachary Loeber
</maml:para>
</maml:alert>
</maml:alertSet>
<command:examples><command:example><maml:title>-------------------------- EXAMPLE 1 --------------------------</maml:title>
<dev:code>Test-OMPProfileSetting -Name 'SomeSetting'</dev:code>
<dev:remarks><maml:para>If SomeSetting exists then $true is returned. Otherwise $false is returned.
</maml:para>
</dev:remarks>
</command:example>
</command:examples>
<command:relatedLinks><maml:navigationLink><maml:linkText>Online Version:</maml:linkText>
<maml:uri>https://www.github.com/zloeber/OhMyPsh</maml:uri>
</maml:navigationLink>
</command:relatedLinks>
</command:command>
</helpItems>
